Id,VotoCode,Nombre,ApellidoPaterno,ApellidoMaterno,NombreCompleto,Voto
925,1,Pepe,Auth,Stewart,Pepe Auth Stewart,Afirmativo
970,1,Jaime,Bellolio,Avaria,Jaime Bellolio Avaria,Afirmativo
971,1,Bernardo,Berger,Fett,Bernardo Berger Fett,Afirmativo
976,1,Juan Antonio,Coloma,Álamos,Juan Antonio Coloma Álamos,Afirmativo
982,1,Iván,Flores,García,Iván Flores García,Afirmativo
985,1,Sergio,Gahona,Salazar,Sergio Gahona Salazar,Afirmativo
986,1,Marcela,Hernando,Pérez,Marcela Hernando Pérez,Afirmativo
940,1,María José,Hoffmann,Opazo,María José Hoffmann Opazo,Afirmativo
855,1,Carlos Abel,Jarpa,Wevar,Carlos Abel Jarpa Wevar,Afirmativo
856,1,Tucapel,Jiménez,Fuentes,Tucapel Jiménez Fuentes,Afirmativo
967,1,Issa,Kort,Garriga,Issa Kort Garriga,Afirmativo
989,1,Joaquín,Lavín,León,Joaquín Lavín León,Afirmativo
862,1,Pablo,Lorenzini,Basso,Pablo Lorenzini Basso,Afirmativo
942,1,Javier,Macaya,Danús,Javier Macaya Danús,Afirmativo
865,1,Patricio,Melero,Abaroa,Patricio Melero Abaroa,Afirmativo
945,1,Celso,Morales,Muñoz,Celso Morales Muñoz,Afirmativo
879,1,José Miguel,Ortiz,Novoa,José Miguel Ortiz Novoa,Afirmativo
946,1,Leopoldo,Pérez,Lahsen,Leopoldo Pérez Lahsen,Afirmativo
999,1,Jorge,Rathgeb,Schifferli,Jorge Rathgeb Schifferli,Afirmativo
893,1,Jorge,Sabag,Villalobos,Jorge Sabag Villalobos,Afirmativo
949,1,Marcela,Sabat,Fernández,Marcela Sabat Fernández,Afirmativo
950,1,René,Saffirio,Espinoza,René Saffirio Espinoza,Afirmativo
1001,1,Raúl,Saldívar,Auger,Raúl Saldívar Auger,Afirmativo
952,1,Alejandro,Santana,Tirachini,Alejandro Santana Tirachini,Afirmativo
897,2,Alejandra,Sepúlveda,Orbenes,Alejandra Sepúlveda Orbenes,Abstención
898,1,Gabriel,Silber,Romo,Gabriel Silber Romo,Afirmativo
1002,1,Leonardo,Soto,Ferrada,Leonardo Soto Ferrada,Afirmativo
957,2,Víctor,Torres,Jeldes,Víctor Torres Jeldes,Abstención
1003,1,Renzo,Trisotti,Martínez,Renzo Trisotti Martínez,Afirmativo
908,0,Ignacio,Urrutia,Bonilla,Ignacio Urrutia Bonilla,En Contra
1005,1,Osvaldo,Urrutia,Soto,Osvaldo Urrutia Soto,Afirmativo
963,1,Matías,Walker,Prieto,Matías Walker Prieto,Afirmativo
1009,1,Jorge,Alessandri,Vergara,Jorge Alessandri Vergara,Afirmativo
803,1,René,Alinco,Bustos,René Alinco Bustos,Afirmativo
1010,1,Sebastián,Álvarez,Ramírez,Sebastián Álvarez Ramírez,Afirmativo
1011,1,Sandra,Amar,Mancilla,Sandra Amar Mancilla,Afirmativo
810,1,Gabriel,Ascencio,Mansilla,Gabriel Ascencio Mansilla,Afirmativo
926,1,Nino,Baltolu,Rasera,Nino Baltolu Rasera,Afirmativo
1016,1,Miguel Ángel,Calisto,Águila,Miguel Ángel Calisto Águila,Afirmativo
1017,1,Álvaro,Carter,Fernández,Álvaro Carter Fernández,Afirmativo
1019,1,José Miguel,Castro,Bascuñán,José Miguel Castro Bascuñán,Afirmativo
1021,1,Andrés,Celis,Montt,Andrés Celis Montt,Afirmativo
1022,1,Sofía,Cid,Versalovic,Sofía Cid Versalovic,Afirmativo
1024,1,Luciano,Cruz-Coke,Carvallo,Luciano Cruz-Coke Carvallo,Afirmativo
1025,1,Catalina,Del Real,Mihovilovic,Catalina Del Real Mihovilovic,Afirmativo
1026,1,Mario,Desbordes,Jiménez,Mario Desbordes Jiménez,Afirmativo
1027,1,Jorge,Durán,Espinoza,Jorge Durán Espinoza,Afirmativo
1028,1,Eduardo,Durán,Salinas,Eduardo Durán Salinas,Afirmativo
1031,1,Juan,Fuenzalida,Cobo,Juan Fuenzalida Cobo,Afirmativo
1040,2,Harry,Jürgensen,Rundshagen,Harry Jürgensen Rundshagen,Abstención
1041,1,Pablo,Kast,Sommerhoff,Pablo Kast Sommerhoff,Afirmativo
1042,1,Sebastián,Keitel,Bianchi,Sebastián Keitel Bianchi,Afirmativo
172,1,Carlos,Kuschel,Silva,Carlos Kuschel Silva,Afirmativo
1044,1,Raúl,Leiva,Carvajal,Raúl Leiva Carvajal,Afirmativo
1045,1,Aracely,Leuquén,Uribe,Aracely Leuquén Uribe,Afirmativo
1046,1,Andrés,Longton,Herrera,Andrés Longton Herrera,Afirmativo
1047,1,Karin,Luck,Urban,Karin Luck Urban,Afirmativo
1050,1,Miguel,Mellado,Suazo,Miguel Mellado Suazo,Afirmativo
1053,1,Cristhian,Moreira,Barros,Cristhian Moreira Barros,Afirmativo
1054,1,Francesca,Muñoz,González,Francesca Muñoz González,Afirmativo
1055,1,Nicolás,Noman,Garrido,Nicolás Noman Garrido,Afirmativo
1057,1,Erika,Olivera,De La Fuente,Erika Olivera De La Fuente,Afirmativo
1059,1,Ximena,Ossandón,Irarrázabal,Ximena Ossandón Irarrázabal,Afirmativo
1060,1,Luis,Pardo,Sáinz,Luis Pardo Sáinz,Afirmativo
1064,1,Pablo,Prieto,Lorca,Pablo Prieto Lorca,Afirmativo
1065,1,Guillermo,Ramírez,Diez,Guillermo Ramírez Diez,Afirmativo
1066,1,Rolando,Rentería,Moller,Rolando Rentería Moller,Afirmativo
1067,1,Hugo,Rey,Martínez,Hugo Rey Martínez,Afirmativo
1069,1,Leonidas,Romero,Sáez,Leonidas Romero Sáez,Afirmativo
1070,1,Patricio,Rosas,Barrientos,Patricio Rosas Barrientos,Afirmativo
1071,1,Gastón,Saavedra,Chandía,Gastón Saavedra Chandía,Afirmativo
1072,1,Gustavo,Sanhueza,Dueñas,Gustavo Sanhueza Dueñas,Afirmativo
1073,1,Juan,Santana,Castillo,Juan Santana Castillo,Afirmativo
1075,1,Diego,Schalper,Sepúlveda,Diego Schalper Sepúlveda,Afirmativo
1076,1,Alexis,Sepúlveda,Soto,Alexis Sepúlveda Soto,Afirmativo
1077,1,Raúl,Soto,Mardones,Raúl Soto Mardones,Afirmativo
1078,1,Jaime,Tohá,González,Jaime Tohá González,Afirmativo
1079,1,Sebastián,Torrealba,Alvarado,Sebastián Torrealba Alvarado,Afirmativo
1081,1,Francisco,Undurraga,Gazitúa,Francisco Undurraga Gazitúa,Afirmativo
1082,1,Cristóbal,Urruticoechea,Ríos,Cristóbal Urruticoechea Ríos,Afirmativo
961,1,Pedro,Velásquez,Seguel,Pedro Velásquez Seguel,Afirmativo
1084,1,Daniel,Verdessi,Belemmi,Daniel Verdessi Belemmi,Afirmativo
917,0,Gastón,Von Mühlenbrock,Zamora,Gastón Von Mühlenbrock Zamora,En Contra
872,1,Jaime,Mulet,Martínez,Jaime Mulet Martínez,Afirmativo
